Country,Organization Name,Status,Category,Alignment with MI (1-5),Scale Potential (1-5),Urban Relevance (1-5),Geographic Reach,Website,Notes,align_n,scale_n,urban_n
Dominican Republic,Banco de Ahorro y Crédito Adopem (ADOPEM),Idea,MFI,5 - Excellent Fit,"5 - Excellent (1,000+)",4 – Strong Urban Presence,3 - National,https://bancoadopem.com.do/,"One of the strongest partners in DR; women-focused microfinance with a large, direct urban entrepreneur base and strong social mission.",5,5,4.0
Dominican Republic,Banco ADEMI,Idea,MFI,4 - Very Good Fit,"5 - Excellent (1,000+)",3 – Mixed (Urban + Rural),3 - National,https://bancoademi.com.do/,"Large MFI with broad urban reach; strong pipeline access, though slightly more commercially oriented than ADOPEM.",4,5,3.0
Dominican Republic,BANFONDESA,Idea,MFI,5 - Excellent Fit,"5 - Excellent (1,000+)",3 – Mixed (Urban + Rural),3 - National,https://banfondesa.com.do/,"Strong focus on underserved populations, including women and youth; excellent mission alignment and scalable pipeline.",5,5,3.0
Dominican Republic,ECLOF Dominican Republic,Idea,"MFI, Faith-Based",5 - Excellent Fit,4 - Very Good (500-999),3 – Mixed (Urban + Rural),3 - National,https://www.eclof.org/portfolio-item/dominican-republic/,Faith-based model with loans + training; very strong alignment with MI and good access to urban microentrepreneurs.,5,4,3.0
Dominican Republic,Esperanza International,Idea,"MFI, Faith-Based",5 - Excellent Fit,"5 - Excellent (1,000+)",4 – Strong Urban Presence,4 - International,https://esperanza.org/,"One of the closest MI analogues; combines lending, training, and mentorship with a very large, structured entrepreneur pipeline.",5,5,4.0
Dominican Republic,Fundación Reservas del País,Idea,"Corporate, Government",4 - Very Good Fit,4 - Very Good (500-999),3 – Mixed (Urban + Rural),3 - National,https://fundacionreservas.com/,Works through partner MFIs and organizations; strong reach but slightly indirect pipeline.,4,4,3.0
Dominican Republic,Fundación CODESPA,Idea,"INGO, Entrepreneur Support Org",3 - Good Fit,3 - Good (200-499),3 – Mixed (Urban + Rural),4 - International,https://us.codespa.org/,Strong livelihoods and microenterprise programs; accessible cohorts but typically program-based.,3,3,3.0
Dominican Republic,Fundación Dominicana de Desarrollo,Idea,"NGO, Entrepreneur Support Org",4 - Very Good Fit,4 - Very Good (500-999),4 – Strong Urban Presence,3 - National,https://fdd.org.do/,Longstanding organization focused on microenterprise development; strong pipeline and high mission alignment.,4,4,4.0
Dominican Republic,Junior Achievement Dominican Republic (JADOM),Idea,"NGO, Entrepreneur Support Org",3 - Good Fit,4 - Very Good (500-999),4 – Strong Urban Presence,3 - National,https://jadom.org/,Strong youth entrepreneurship training; pipeline exists but less focused on active microentrepreneurs.,3,4,4.0
Dominican Republic,Mujeres en Desarrollo Dominicana,Idea,"NGO, Women-Focused",5 - Excellent Fit,3 - Good (200-499),4 – Strong Urban Presence,2 - Regional,https://mude.org.do/,Strong focus on women entrepreneurs; good grassroots pipeline but smaller scale.,5,3,4.0
Dominican Republic,Cooperativa Nacional de Servicios Múltiples,Idea,Co-op,4 - Very Good Fit,4 - Very Good (500-999),3 – Mixed (Urban + Rural),3 - National,https://coopnama.coop/,Member-based cooperative with strong trust and access to microentrepreneurs; good pipeline potential.,4,4,3.0
Dominican Republic,Opportunity International,Idea,INGO,3 - Good Fit,4 - Very Good (500-999),Unknown,4 - International,https://opportunityinternational.ca/what-we-do/where-we-work/dominican-republic/,Works through local partners; mission aligned but indirect pipeline access.,3,4,
Dominican Republic,Dominican Foundation,Idea,"NGO, Entrepreneur Support Org",2 - Fair Fit,2 - Fair (50-199),Unknown,2 - Regional,https://dominicanfoundation.org/,Focus on entrepreneurship training; strong alignment but small-scale pipeline.,2,2,
Dominican Republic,IDDI (Instituto Dominicano de Desarrollo Integral),Idea,"NGO, Entrepreneur Support Org",4 - Very Good Fit,3 - Good (200-499),4 – Strong Urban Presence,3 - National,https://iddi.org/,Well-established development NGO with microenterprise and livelihoods programs; moderate but reliable pipeline.,4,3,4.0
Dominican Republic,Mastercard Foundation - EMPRO Dominican Republic,Idea,Corporate,3 - Good Fit,4 - Very Good (500-999),4 – Strong Urban Presence,4 - International,https://incae.edu/en/impacto-y-sostenibilidad/empro-rd/,Supports entrepreneurship programs through partners; strong mission alignment but indirect pipeline.,3,4,4.0
Kenya,TechnoServe (Smart Duka program),Idea,"INGO, Entrepreneur Support Org",3 - Good Fit,"5 - Excellent (1,000+)",5 – Highly Urban-Focused,4 - International,https://www.technoserve.org/fight-poverty/projects/smart-duka-empowering-shopkeepers-in-nairobi/,Works with thousands of Nairobi shopkeepers (dukas) in informal settlements. Extremely strong fit for urban retail microentrepreneurs,3,5,5.0
Kenya,Hand in Hand Eastern Africa,Idea,"Entrepreneur Support Org, NGO",5 - Excellent Fit,"5 - Excellent (1,000+)",3 – Mixed (Urban + Rural),4 - International,https://handinhand-ea.org/,One of the largest job-creation NGOs in Kenya. Strong women-focused microenterprise pipeline in urban areas,5,5,3.0
Kenya,Inkomoko,Idea,"Entrepreneur Support Org, NGO",4 - Very Good Fit,"5 - Excellent (1,000+)",4 – Strong Urban Presence,4 - International,https://www.inkomoko.com/,High-quality pipeline of refugee + host community entrepreneurs. Already screens and supports business owners (great pre-filtering),4,5,4.0
Kenya,Somo Africa,Idea,"NGO, Entrepreneur Support Org",4 - Very Good Fit,3 - Good (200-499),4 – Strong Urban Presence,2 - Regional,https://www.somoafrica.org/,Deep Presence in Nairobi Informal Settlements. Entrepreneurs already engaged in training + capital,4,3,4.0
Kenya,SHOFCO,Idea,NGO,4 - Very Good Fit,"5 - Excellent (1,000+)",5 – Highly Urban-Focused,2 - Regional,https://www.shofco.org/,"Massive footprint in Kibera, Mathare, etc. Includes SACCO + livelihoods -> strong, trusted community pipeline",4,5,5.0
Kenya,Kenya Women Microfinance Bank,Idea,"Women-Focused, MFI",4 - Very Good Fit,"5 - Excellent (1,000+)",3 – Mixed (Urban + Rural),3 - National,https://kwftbank.com/,One of the largest women-focused MFIs in Kenya. Huge base of urban microentrepreneurs,4,5,3.0
Kenya,Faulu Microfinance Bank,Idea,MFI,4 - Very Good Fit,"5 - Excellent (1,000+)",3 – Mixed (Urban + Rural),3 - National,https://www.faulukenya.com/,One of the oldest/largest MFIs. Strong MSME portfolio in Nairobi,4,5,3.0
Kenya,Rafiki Microfinance Bank,Idea,MFI,4 - Very Good Fit,3 - Good (200-499),3 – Mixed (Urban + Rural),3 - National,https://rafikibank.co.ke/,Strong SME/microenterprise lending + merchant tools,4,3,3.0
Kenya,SMEP Microfinance Bank,Idea,"MFI, Faith-Based",4 - Very Good Fit,3 - Good (200-499),3 – Mixed (Urban + Rural),3 - National,https://www.smep.co.ke/,"Faith-based, community-oriented borrower base",4,3,3.0
Kenya,Caritas Microfinance Bank,Idea,"MFI, Faith-Based",4 - Very Good Fit,3 - Good (200-499),3 – Mixed (Urban + Rural),3 - National,https://caritas-mfb.co.ke/,Smaller than above but high alignment with early-stage businesses,4,3,3.0
Kenya,KCB Foundation (2Jiajiri),Idea,"Corporate, Entrepreneur Support Org",3 - Good Fit,"5 - Excellent (1,000+)",3 – Mixed (Urban + Rural),3 - National,https://foundation.kcbgroup.com/programs/2jiajiri/,Thousands of youth trained annually in business + skills. Strong post-training entrepreneur pipeline,3,5,3.0
Kenya,Equity Group Foundation,Idea,Corporate,3 - Good Fit,"5 - Excellent (1,000+)",3 – Mixed (Urban + Rural),3 - National,https://equitygroupfoundation.com/,One of the largest foundations in Africa. Massive SME + financial inclusion reach (via Equity Bank),3,5,3.0
Kenya,"Mastercard Foundation (Kenya programs, MESH Program)",Idea,Corporate,3 - Good Fit,"5 - Excellent (1,000+)",4 – Strong Urban Presence,4 - International,https://mastercardfdn.org/en/where-we-work/kenya/,Funds multiple youth entrepreneurship pipelines in Nairobi. Indirect but high-volume partner of partners,3,5,4.0
Kenya,Micro and Small Enterprises Authority (MSEA / NYOTA),Idea,Government,3 - Good Fit,"5 - Excellent (1,000+)",3 – Mixed (Urban + Rural),3 - National,https://msea.go.ke/nyotaproject/,National SME platform -> large-scale pipeline,3,5,3.0
Kenya,Youth Enterprise Development Fund,Idea,Government,3 - Good Fit,"5 - Excellent (1,000+)",3 – Mixed (Urban + Rural),3 - National,https://www.youthfund.go.ke/,Large base of youth-owned businesses,3,5,3.0
Kenya,Uwezo Fund,Idea,"NGO, Women-Focused",3 - Good Fit,"5 - Excellent (1,000+)",3 – Mixed (Urban + Rural),3 - National,https://www.uwezo.go.ke/,Targets women/youth entrepreneurs (group lending model),3,5,3.0
Kenya,Cherie Blair Foundation for Women,Idea,"NGO, Women-Focused",4 - Very Good Fit,3 - Good (200-499),4 – Strong Urban Presence,4 - International,https://cherieblairfoundation.org/,Large digital pipeline of women entrepreneurs in Kenya,4,3,4.0
Kenya,Kenya Union of Savings and Credit Cooperatives,Idea,Co-op,3 - Good Fit,"5 - Excellent (1,000+)",3 – Mixed (Urban + Rural),3 - National,https://kuscco.com/,Umbrella for SACCOs -> massive reach if you partner centrally,3,5,3.0
Kenya,ROSE Women’s Foundation,Idea,"NGO, Women-Focused",4 - Very Good Fit,2 - Fair (50-199),4 – Strong Urban Presence,1 - Local,https://www.rosewomensfoundation.org/,"Women-focused NGO providing business training, financial literacy, and entrepreneurship support in Nairobi informal settlements. Strong alignment with early-stage women entrepreneurs but limited scale.",4,2,4.0
Kenya,Mukuru Slums Development Projects,Idea,NGO,4 - Very Good Fit,2 - Fair (50-199),5 – Highly Urban-Focused,1 - Local,https://www.mukuruprojects.org/,"Community-based organization in Mukuru focused on livelihoods, savings groups, and microenterprise support. Deep trust and access in one of Nairobi’s largest informal settlements, but geographically concentrated.",4,2,5.0
Kenya,EmpServe Kenya,Idea,"NGO, Entrepreneur Support Org",4 - Very Good Fit,2 - Fair (50-199),4 – Strong Urban Presence,1 - Local,https://empserve.org/,"Youth-focused organization delivering entrepreneurship training, financial literacy, and employability programs in Nairobi informal settlements. Good pipeline of early-stage entrepreneurs, though smaller cohort sizes.",4,2,4.0
Kenya,Franky’s Foundation,Idea,"NGO, Vocational School",3 - Good Fit,2 - Fair (50-199),3 – Mixed (Urban + Rural),1 - Local,https://frankysfoundation.co.ke/,"Provides vocational training, digital skills, and entrepreneurship pathways for youth and women in Nairobi. Strong skills-to-business pipeline, but relatively small and localized.",3,2,3.0
Kenya,Caritas Nairobi,Idea,"NGO, Faith-Based",3 - Good Fit,4 - Very Good (500-999),4 – Strong Urban Presence,1 - Local,https://www.caritasnairobi.org/,"Faith-based organization with extensive parish networks across Nairobi supporting livelihoods, savings groups, and microenterprise activities. High trust and community reach make it a strong grassroots sourcing partner.",3,4,4.0
Kenya,Centre for Enterprise Development & Education,Idea,"NGO, Entrepreneur Support Org",4 - Very Good Fit,3 - Good (200-499),4 – Strong Urban Presence,2 - Regional,https://cedinnov.org/,"Entrepreneurship training organization providing business skills, SME development, and capacity-building programs. Offers a structured pipeline of trained entrepreneurs, though at moderate scale.",4,3,4.0
Kenya,IRC Re:BUILD Program,Idea,"INGO, Entrepreneur Support Org",4 - Very Good Fit,"5 - Excellent (1,000+)",4 – Strong Urban Presence,4 - International,https://rebuild.rescue.org/about/overview,"Large-scale program supporting urban refugees and host communities with business training, access to capital, and market linkages. Strong pipeline of pre-screened entrepreneurs with high readiness.",4,5,4.0
Kenya,WIDU Kenya,Idea,"INGO, Entrepreneur Support Org",3 - Good Fit,3 - Good (200-499),3 – Mixed (Urban + Rural),4 - International,https://widu.africa/kenya,"Innovative program connecting diaspora funding to local entrepreneurs through matched grants and business training. Entrepreneurs are already capitalized and motivated, though pipeline is geographically distributed.",3,3,3.0
Colombia,Bancamía,Idea,MFI,5 - Excellent Fit,"5 - Excellent (1,000+)",3 – Mixed (Urban + Rural),3 - National,https://www.bancamia.com.co/,One of the strongest financial inclusion banks; direct access to large urban microentrepreneur base with strong social mission.,5,5,3.0
Colombia,Fundación WWB Colombia,Idea,"NGO, Entrepreneur Support Org, Women-Focused",5 - Excellent Fit,4 - Very Good (500-999),4 – Strong Urban Presence,3 - National,https://www.fundacionwwbcolombia.org/,High-quality pipeline of women entrepreneurs through training and financial inclusion; very strong MI fit.,5,4,4.0
Colombia,Banco W,Idea,MFI,5 - Excellent Fit,"5 - Excellent (1,000+)",4 – Strong Urban Presence,3 - National,https://www.bancow.com.co/,"Large, structured microfinance client base with strong urban reach and good mission alignment.",5,5,4.0
Colombia,Banco Contactar,Idea,MFI,4 - Very Good Fit,4 - Very Good (500-999),3 – Mixed (Urban + Rural),3 - National,https://bancocontactar.com/,Strong microenterprise lending with direct access to clients; slightly less urban-focused than top-tier MFIs.,4,4,3.0
Colombia,Finamérica,Idea,MFI,4 - Very Good Fit,4 - Very Good (500-999),3 – Mixed (Urban + Rural),3 - National,http://www.finamerica.com.co/,Solid microenterprise lender with accessible pipeline; somewhat more commercially oriented,4,4,3.0
Colombia,Fundación Capital,Idea,"Entrepreneur Support Org, INGO",4 - Very Good Fit,4 - Very Good (500-999),4 – Strong Urban Presence,4 - International,https://fundacioncapital.org/,Strong financial inclusion programs but indirect pipeline; typically works through partners.,4,4,4.0
Colombia,Fundación Mario Santo Domingo,Idea,Corporate,3 - Good Fit,4 - Very Good (500-999),4 – Strong Urban Presence,3 - National,https://fundacionsantodomingo.org/,Runs urban livelihoods programs with access to entrepreneur cohorts; moderately direct pipeline.,3,4,4.0
Colombia,Fundación Carvajal,Idea,"NGO, Entrepreneur Support Org",5 - Excellent Fit,4 - Very Good (500-999),5 – Highly Urban-Focused,3 - National,https://www.fundacioncarvajal.org.co/,Longstanding microenterprise development programs with strong community-based pipelines.,5,4,5.0
Colombia,Fundación Bolívar Davivienda,Idea,Corporate,3 - Good Fit,4 - Very Good (500-999),3 – Mixed (Urban + Rural),3 - National,https://www.fundacionbolivardavivienda.org/la-fundacion/,Supports entrepreneurship through structured programs; somewhat indirect but accessible cohorts.,3,4,3.0
Colombia,World Vision Colombia,In Conversation,INGO,3 - Good Fit,4 - Very Good (500-999),3 – Mixed (Urban + Rural),4 - International,https://www.worldvision.org/our-work/country-profiles/colombia,Broad livelihoods programming; pipeline exists but not consistently microenterprise-focused.,3,4,3.0
Colombia,Pro Mujer Colombia ,Idea,"INGO, Women-Focused, Entrepreneur Support Org",4 - Very Good Fit,3 - Good (200-499),4 – Strong Urban Presence,4 - International,https://promujer.org/,Strong alignment with MI model; smaller footprint in Colombia than other countries.,4,3,4.0
Colombia,SENA,Idea,"Entrepreneur Support Org, Government",3 - Good Fit,"5 - Excellent (1,000+)",3 – Mixed (Urban + Rural),3 - National,https://www.sena.edu.co/en-us/Pages/sena.aspx,Massive training pipeline feeding into entrepreneurship; indirect but highly scalable.,3,5,3.0
Colombia,iNNpulsa Colombia,Idea,Government,2 - Fair Fit,4 - Very Good (500-999),3 – Mixed (Urban + Rural),3 - National,https://www.innpulsacolombia.com/,Focuses on startups and SMEs; less microenterprise-focused and indirect pipeline.,2,4,3.0
Colombia,Bancóldex,Idea,Government,2 - Fair Fit,"5 - Excellent (1,000+)",2 – Limited Urban Relevance,3 - National,https://www.bancoldex.com/,Financial intermediary for SMEs; indirect access through partners.,2,5,2.0
Colombia,Coomeva,In Conversation,Co-op,3 - Good Fit,"5 - Excellent (1,000+)",3 – Mixed (Urban + Rural),3 - National,http://www.coomeva.com/,Large member-based cooperative with strong trust and access to entrepreneurs,3,5,3.0
Colombia,Fondo Nacional del Ahorro,Idea,Government,2 - Fair Fit,"5 - Excellent (1,000+)",2 – Limited Urban Relevance,3 - National,https://www.fna.gov.co/,Focused more on housing/savings; less direct microenterprise pipeline.,2,5,2.0
Colombia,Opportunity International,Idea,INGO,2 - Fair Fit,4 - Very Good (500-999),Unknown,4 - International,https://opportunity.org/our-impact/where-we-work/colombia-facts-about-poverty,Works through partners; indirect but mission aligned.,2,4,
Colombia,Quipu Bank,Idea,MFI,3 - Good Fit,3 - Good (200-499),3 – Mixed (Urban + Rural),4 - International,https://quipu.com.co/,Parter of Kiva. Smaller but aligned microfinance institution; good niche pipeline.,3,3,3.0
Colombia,Banco Mundo Mujer,Idea,MFI,5 - Excellent Fit,"5 - Excellent (1,000+)",4 – Strong Urban Presence,3 - National,https://www.bmm.com.co/,Strong focus on women entrepreneurs; excellent scale and direct pipeline.,5,5,4.0
Colombia,Crezcamos,Idea,MFI,4 - Very Good Fit,4 - Very Good (500-999),3 – Mixed (Urban + Rural),3 - National,https://crezcamos.com/,Strong regional MFI with direct entrepreneur access.,4,4,3.0
Colombia,Interactuar,Idea,"NGO, Entrepreneur Support Org",5 - Excellent Fit,4 - Very Good (500-999),5 – Highly Urban-Focused,2 - Regional,https://interactuar.org.co/,"One of the best NGO fits; combines training, finance, and mentorship.",5,4,5.0
Colombia,Collective Impulse,Idea,Entrepreneur Support Org,4 - Very Good Fit,2 - Fair (50-199),4 – Strong Urban Presence,2 - Regional,https://www.collectiveimpulse.org/,"Smaller, innovation-focused pipeline of entrepreneurs; high alignment but limited scale.",4,2,4.0
Colombia,Corporación Emprendedores Colombia,Idea,"Entrepreneur Support Org, NGO",4 - Very Good Fit,2 - Fair (50-199),4 – Strong Urban Presence,2 - Regional,https://www.ecommerceday.co/2016/cec/index.htm,Entrepreneurship support organization with direct access to small cohorts.,4,2,4.0
Peru,Mibanco,Idea,MFI,3 - Good Fit,"5 - Excellent (1,000+)",3 – Mixed (Urban + Rural),3 - National,https://www.mibanco.com.pe/,Largest microfinance bank in Peru with massive urban reach; strong pipeline but more commercially oriented than top mission-aligned partners.,3,5,3.0
Peru,Caja Arequipa,Idea,MFI,4 - Very Good Fit,"5 - Excellent (1,000+)",3 – Mixed (Urban + Rural),3 - National,https://www.cajaarequipa.pe/,"One of the strongest Cajas with broad urban coverage; reliable, scalable pipeline.",4,5,3.0
Peru,Caja Trujillo,Idea,MFI,4 - Very Good Fit,4 - Very Good (500-999),3 – Mixed (Urban + Rural),2 - Regional,https://www.cajatrujillo.com.pe/,Highly relevant for Trujillo; strong local presence and direct access to urban entrepreneurs.,4,4,3.0
Peru,Caja Piura,Idea,MFI,4 - Very Good Fit,"5 - Excellent (1,000+)",3 – Mixed (Urban + Rural),3 - National,https://www.cajapiura.pe/,Strong in northern Peru; good pipeline with slightly less direct urban focus than top-tier partners.,4,5,3.0
Peru,Compartamos Financiera,Idea,MFI,3 - Good Fit,"5 - Excellent (1,000+)",3 – Mixed (Urban + Rural),3 - National,https://www.compartamos.com.pe/,"Strong access to women entrepreneurs but more commercially driven; good pipeline, weaker mission alignment.",3,5,3.0
Peru,Financiera Confianza,Idea,MFI,4 - Very Good Fit,"5 - Excellent (1,000+)",3 – Mixed (Urban + Rural),3 - National,https://confianza.pe/,Financial inclusion focus with strong urban outreach; good balance of scale and mission.,4,5,3.0
Peru,CARE Peru,Idea,"INGO, Entrepreneur Support Org",4 - Very Good Fit,4 - Very Good (500-999),3 – Mixed (Urban + Rural),4 - International,https://care.org.pe/,Strong women and livelihoods programming; good pipeline through structured programs.,4,4,3.0
Peru,World Vision Peru,Idea,INGO,3 - Good Fit,4 - Very Good (500-999),2 – Limited Urban Relevance,4 - International,https://www.wvi.org/peru/about-us,Broad livelihoods work; less consistently focused on microenterprise pipeline.,3,4,2.0
Peru,CESAL Peru,Idea,"NGO, Entrepreneur Support Org",4 - Very Good Fit,3 - Good (200-499),3 – Mixed (Urban + Rural),4 - International,https://www.cesal.org/peru,Works with vulnerable populations and employment pathways; accessible cohorts through programs.,4,3,3.0
Peru,Pro Mujer (Peru),Idea,"INGO, Women-Focused, Entrepreneur Support Org",5 - Excellent Fit,4 - Very Good (500-999),4 – Strong Urban Presence,4 - International,https://promujer.org/,"One of the strongest MI-aligned partners; combines finance, training, and direct entrepreneur pipeline.",5,4,4.0
Peru,Movimiento Manuela Ramos,Idea,"NGO, Women-Focused",5 - Excellent Fit,3 - Good (200-499),4 – Strong Urban Presence,3 - National,https://manuela.org.pe/,Strong grassroots pipeline of women entrepreneurs; highly aligned but smaller scale.,5,3,4.0
Peru,FENACREP,Idea,Co-op,3 - Good Fit,"5 - Excellent (1,000+)",3 – Mixed (Urban + Rural),3 - National,https://www.fenacrep.org/,Federation of cooperatives; large reach but indirect pipeline through members.,3,5,3.0
Peru,Alternativa,Idea,"NGO, Entrepreneur Support Org",4 - Very Good Fit,3 - Good (200-499),5 – Highly Urban-Focused,2 - Regional,https://www.cofide.com.pe/,Urban livelihoods focus in Lima; strong local pipeline.,4,3,5.0
Peru,Kallpa,Idea,NGO,3 - Good Fit,2 - Fair (50-199),3 – Mixed (Urban + Rural),2 - Regional,https://www.alternativa.com.pe/,Youth-focused programs; some pipeline but less directly microenterprise-focused.,3,2,3.0
Peru,AVSI Foundation,Idea,INGO,3 - Good Fit,3 - Good (200-499),3 – Mixed (Urban + Rural),4 - International,https://kallpa.org.pe/,Works in livelihoods and development; pipeline depends on specific programs.,3,3,3.0
Peru,Caja Huancayo,Idea,MFI,3 - Good Fit,"5 - Excellent (1,000+)",3 – Mixed (Urban + Rural),3 - National,https://www.avsi.org/en/what-we-do/countries/peru,Strong MFI with growing urban reach; good pipeline access.,3,5,3.0
Peru,Ciudad Saludable,Idea,"NGO, Entrepreneur Support Org",4 - Very Good Fit,3 - Good (200-499),5 – Highly Urban-Focused,3 - National,https://www.cajahuancayo.com.pe/PCM_ProdServicios/PCM_frmSolCredito.aspx?Ori=M&cCodigo=71,Works with waste sector microentrepreneurs in urban areas; niche but strong pipeline.,4,3,5.0
Peru,COPEME,Idea,Co-op,3 - Good Fit,4 - Very Good (500-999),3 – Mixed (Urban + Rural),3 - National,https://www.ciudadsaludable.org/,Network of microenterprise support organizations; indirect but useful aggregator.,3,4,3.0
Peru,FINCA Peru,Idea,"INGO, MFI",5 - Excellent Fit,4 - Very Good (500-999),3 – Mixed (Urban + Rural),4 - International,https://copeme.org.pe/,Strong global MFI with direct access to microentrepreneurs; highly aligned with MI.,5,4,3.0
Mexico,VisionFund Mexico,Idea,"MFI, Faith-Based",5 - Excellent Fit,4 - Very Good (500-999),3 – Mixed (Urban + Rural),4 - International,https://www.worldvisionmexico.org.mx/,Faith-based microfinance institution providing loans and support to low-income entrepreneurs; strong mission alignment and direct pipeline of urban microentrepreneurs.,5,4,3.0
Mexico,CREA,Idea,"NGO, Women-Focused, Entrepreneur Support Org",5 - Excellent Fit,3 - Good (200-499),5 – Highly Urban-Focused,2 - Regional,https://creaac.squarespace.com/about-us,Women-focused organization delivering business training and support to urban microentrepreneurs; strong alignment with MI and direct access to early-stage entrepreneurs.,5,3,5.0
Mexico,IDEASnet,Idea,Entrepreneur Support Org,3 - Good Fit,2 - Fair (50-199),4 – Strong Urban Presence,2 - Regional,https://migrantbusinessinmexico.ideasnet.org/,Entrepreneurship network supporting small business development through training and connections; relevant but smaller and less consistent pipeline.,3,2,4.0
Mexico,Mastercard Foundation - Strive Mexico,Idea,Corporate,3 - Good Fit,"5 - Excellent (1,000+)",4 – Strong Urban Presence,4 - International,https://www.strivecommunity.org/programs/strive-mexico-roads-to-resilience-for-mses,Large-scale program supporting small business resilience through partners; strong mission alignment but indirect access to entrepreneurs.,3,5,4.0
Mexico,Pro Mujer Mexico,Idea,"INGO, Entrepreneur Support Org",5 - Excellent Fit,4 - Very Good (500-999),4 – Strong Urban Presence,4 - International,https://promujer.org/,"Highly aligned organization providing financial services, training, and health support to low-income women entrepreneurs; strong, direct pipeline of urban microentrepreneurs.",5,4,4.0
Mexico,Compartamos Banco,Idea,MFI,3 - Good Fit,"5 - Excellent (1,000+)",3 – Mixed (Urban + Rural),3 - National,https://www.compartamos.com.mx/,Large microfinance bank serving millions of borrowers; strong pipeline access but more commercially oriented with weaker mission alignment.,3,5,3.0
Mexico,Financiera Independencia,Idea,MFI,4 - Very Good Fit,"5 - Excellent (1,000+)",3 – Mixed (Urban + Rural),3 - National,https://www.independencia.com.mx/,Consumer and microenterprise lender with broad reach among lower-income populations; accessible pipeline but less focused on development outcomes.,4,5,3.0
Mexico,Banco Azteca,Idea,MFI,3 - Good Fit,"5 - Excellent (1,000+)",3 – Mixed (Urban + Rural),3 - National,https://www.bancoazteca.com.mx/,Mass-market financial institution serving informal sector clients; very high scale but least aligned with MI’s mission and mentorship model.,3,5,3.0
Mexico,Gentera,Idea,Corporate,3 - Good Fit,"5 - Excellent (1,000+)",3 – Mixed (Urban + Rural),4 - International,https://www.gentera.com.mx/gentera/,Parent company of microfinance institutions including Compartamos; large ecosystem player but indirect access to entrepreneurs.,3,5,3.0
Mexico,Caja Popular Mexicana,Idea,Co-op,4 - Very Good Fit,"5 - Excellent (1,000+)",3 – Mixed (Urban + Rural),3 - National,https://www.cpm.coop/,Member-owned cooperative providing financial services to small entrepreneurs; strong alignment and trusted network with accessible pipeline.,4,5,3.0
Mexico,Fundación ProEmpleo,Idea,"NGO, Entrepreneur Support Org",5 - Excellent Fit,4 - Very Good (500-999),5 – Highly Urban-Focused,3 - National,https://proempleo.org.mx/inicio/index.php,"Leading NGO offering business training, mentoring, and incubation for microentrepreneurs; highly aligned with MI and strong direct pipeline.",5,4,5.0
Mexico,Accion Mexico,Idea,INGO,3 - Good Fit,4 - Very Good (500-999),Unknown,4 - International,https://www.accion.org/,"Works through financial institutions to expand access to microfinance; mission aligned but indirect, partner-dependent pipeline.",3,4,
Mexico,Nacional Financiera,Idea,Government,3 - Good Fit,"5 - Excellent (1,000+)",2 – Limited Urban Relevance,3 - National,https://www.nafin.com/portalnf/content/home/home.html,Government development bank supporting SMEs through financing and training programs; large reach but indirect access to entrepreneurs.,3,5,2.0
Mexico,World Vision Mexico,Idea,INGO,3 - Good Fit,3 - Good (200-499),2 – Limited Urban Relevance,2 - Regional,https://www.worldvisionmexico.org.mx/,"Nonprofit working on livelihoods and economic empowerment initiatives; moderate alignment with some access to entrepreneur cohorts, though scale is less clear.",3,3,2.0
Mexico,Fundación Carlos Slim,Idea,Corporate,3 - Good Fit,"5 - Excellent (1,000+)",3 – Mixed (Urban + Rural),3 - National,https://fundacioncarlosslim.org/,Large foundation providing digital education and entrepreneurship training programs; significant reach but limited direct cohort pipeline.,3,5,3.0
Mexico,Grameen Foundation Mexico,Idea,"INGO, Entrepreneur Support Org",3 - Good Fit,"5 - Excellent (1,000+)",Unknown,4 - International,https://grameenfoundation.org/partners/about-us/where-we-work,Supports financial inclusion systems and partners rather than direct entrepreneurs; mission aligned but two steps removed from pipeline access.,3,5,
Honduras,ODEF Financiera,Idea,MFI,5 - Excellent Fit,4 - Very Good (500-999),3 – Mixed (Urban + Rural),3 - National,https://odeffinancierasa.hn/,"One of the strongest MFIs in Honduras focused on microentrepreneurs; direct, structured pipeline with strong alignment.",5,4,3.0
Honduras,Fundación Covelo,Idea,NGO,3 - Good Fit,4 - Very Good (500-999),3 – Mixed (Urban + Rural),3 - National,https://fundacioncovelo.hn/,Supports MFIs and financial ecosystem rather than direct entrepreneurs; useful intermediary but indirect pipeline.,3,4,3.0
Honduras,AHSETFIN,Idea,"NGO, Entrepreneur Support Org",4 - Very Good Fit,3 - Good (200-499),3 – Mixed (Urban + Rural),3 - National,https://www.ahsetfin.org.hn/,Works with underserved populations including urban entrepreneurs; moderate but accessible pipeline.,4,3,3.0
Honduras,CDE MIPYME Honduras,Idea,Entrepreneur Support Org,5 - Excellent Fit,4 - Very Good (500-999),5 – Highly Urban-Focused,3 - National,https://cdemipymeroc.org/cdenacional.html,Network of business development centers providing training and advisory services; strong pipeline of pre-screened entrepreneurs.,5,4,5.0
Honduras,Opportunity International Honduras,Idea,INGO,4 - Very Good Fit,4 - Very Good (500-999),3 – Mixed (Urban + Rural),4 - International,https://opportunityinternational.ca/what-we-do/where-we-work/honduras/,Provides financial services and training through partners; good mission alignment with moderately direct pipeline.,4,4,3.0
Honduras,VisionFund Honduras,Idea,"MFI, Faith-Based",5 - Excellent Fit,4 - Very Good (500-999),3 – Mixed (Urban + Rural),4 - International,https://legacy.visionfund.org/where-we-work/latin-america/honduras,Faith-based microfinance institution with strong mission alignment and direct access to entrepreneur groups.,5,4,3.0
Honduras,Adelante Foundation,Idea,"MFI, Women-Focused",5 - Excellent Fit,3 - Good (200-499),4 – Strong Urban Presence,2 - Regional,https://adelantefoundation.org/,"Group-based lending model focused on women entrepreneurs; strong alignment and structured cohorts, moderate scale.",5,3,4.0
Honduras,Ciudad Mujer Honduras,Idea,"Government, Women-Focused",4 - Very Good Fit,4 - Very Good (500-999),4 – Strong Urban Presence,3 - National,https://ciudadmujer.gob.hn,Provides integrated services to women including entrepreneurship support; good access to urban cohorts.,4,4,4.0
Honduras,PRISMA Honduras,Idea,NGO,3 - Good Fit,2 - Fair (50-199),2 – Limited Urban Relevance,2 - Regional,https://prismahonduras.net/,Focus on livelihoods and development; smaller and less clearly microenterprise-focused. Core model seems to be rural.,3,2,2.0
Honduras,GOAL (Barrio Resiliente),Idea,INGO,4 - Very Good Fit,3 - Good (200-499),5 – Highly Urban-Focused,4 - International,https://www.goalglobal.org/stories/barrio-resiliente-building-resilience-changing-lives/,Urban resilience programs targeting informal settlements; good entry point to urban microentrepreneurs.,4,3,5.0
Honduras,World Renew,Idea,"INGO, Faith-Based",4 - Very Good Fit,3 - Good (200-499),2 – Limited Urban Relevance,4 - International,https://worldrenew.net/honduras,Community development and livelihoods programming; mission aligned with moderate pipeline access.,4,3,2.0
Honduras,SENPRENDE,Idea,Government,3 - Good Fit,4 - Very Good (500-999),3 – Mixed (Urban + Rural),3 - National,https://senprende.hn/,National entrepreneurship support agency; large reach but indirect pipeline.,3,4,3.0
Honduras,ProMujer Honduras,Idea,"INGO, Women-Focused, Entrepreneur Support Org",5 - Excellent Fit,4 - Very Good (500-999),4 – Strong Urban Presence,4 - International,https://promujer.org/,Strong alignment with MI model; combines financial services and training for women entrepreneurs. Works in connection with the National Club of Women Entrepreneurs in Honduras,5,4,4.0
Honduras,Voces Vitales Honduras,In Conversation,"NGO, Women-Focused, Entrepreneur Support Org",4 - Very Good Fit,3 - Good (200-499),4 – Strong Urban Presence,4 - International,https://www.vocesvitaleshonduras.org/,Leadership and entrepreneurship programs for women; good alignment with moderate pipeline.,4,3,4.0
Ghana,Africa Skills Hub,Idea,"Vocational School, Entrepreneur Support Org",4 - Very Good Fit,3 - Good (200-499),4 – Strong Urban Presence,2 - Regional,https://africaskillshub.co/,"Skills training + entrepreneurship pathways; good urban youth pipeline, though more early-stage entrepreneurs.",4,3,4.0
Ghana,Sinapi Aba Trust,Idea,"MFI, Faith-Based",5 - Excellent Fit,"5 - Excellent (1,000+)",3 – Mixed (Urban + Rural),3 - National,https://www.sinapiaba.org/,One of the strongest MI-aligned partners; group lending + strong urban/peri-urban microentrepreneur base.,5,5,3.0
Ghana,Advans Ghana,Idea,MFI,4 - Very Good Fit,"5 - Excellent (1,000+)",3 – Mixed (Urban + Rural),3 - National,https://advansghana.com/,Strong urban SME/microenterprise focus; more commercial but excellent pipeline.,4,5,3.0
Ghana,Fidelity Bank Ghana (micro segment),In Conversation,"MFI, Corporate",3 - Good Fit,"5 - Excellent (1,000+)",3 – Mixed (Urban + Rural),3 - National,https://fidelitybank.com.gh/,Large SME and microenterprise portfolio; strong access but more commercial orientation.,3,5,3.0
Ghana,Women’s World Banking Ghana,Idea,"INGO, Women-Focused",3 - Good Fit,4 - Very Good (500-999),4 – Strong Urban Presence,4 - International,https://www.womensworldbanking.org/where-we-work/africa/,Works through financial institution partners; strong mission but indirect pipeline.,3,4,4.0
Ghana,Ghana Cooperative Credit Unions Association,Idea,Co-op,3 - Good Fit,"5 - Excellent (1,000+)",3 – Mixed (Urban + Rural),3 - National,https://www.cua.org.gh/,Large network of credit unions; strong reach but indirect access to entrepreneurs.,3,5,3.0
Ghana,Youth Employment Agency Ghana,Idea,Government,3 - Good Fit,"5 - Excellent (1,000+)",3 – Mixed (Urban + Rural),3 - National,https://yea.gov.gh/,Large youth-focused programs; pipeline exists but more pre-entrepreneur / early-stage.,3,5,3.0
Ghana,Ghana Enterprise Agency (GEA),Idea,"Government, Entrepreneur Support Org",4 - Very Good Fit,"5 - Excellent (1,000+)",3 – Mixed (Urban + Rural),3 - National,https://gea.gov.gh/,One of the strongest SME support pipelines; indirect but highly scalable.,4,5,3.0
Ghana,Ghana Chamber of Young Entrepreneurs (GCYE),Idea,Chamber of Commerce,3 - Good Fit,3 - Good (200-499),4 – Strong Urban Presence,3 - National,https://gcyegh.org/,Network of young entrepreneurs; accessible but more growth-stage than micro.,3,3,4.0
Ghana,SheRise Ghana,Idea,"NGO, Women-Focused",4 - Very Good Fit,2 - Fair (50-199),4 – Strong Urban Presence,2 - Regional,https://www.sherisetech.org/,Women-focused entrepreneurship programs; strong alignment but smaller scale.,4,2,4.0
Ghana,L'AINE Foundation,Idea,"NGO, Entrepreneur Support Org",4 - Very Good Fit,3 - Good (200-499),4 – Strong Urban Presence,2 - Regional,https://lainefoundation.org/,Focuses on youth employment and enterprise; good urban pipeline potential.,4,3,4.0
Ghana,Accion Ghana,Idea,INGO,3 - Good Fit,4 - Very Good (500-999),Unknown,4 - International,https://www.accion.org/,Works through financial institutions; strong ecosystem player but indirect pipeline.,3,4,
Cambodia,NGO Pact - Cambodia,Idea,INGO,3 - Good Fit,3 - Good (200-499),2 – Limited Urban Relevance,4 - International,https://www.pactworld.org/country/cambodia,Large INGO implementing livelihoods and women’s economic empowerment programs in Cambodia; potential access to entrepreneur cohorts is project-dependent rather than a consistent pipeline.,3,3,2.0
Cambodia,iDE Cambodia,Idea,"INGO, Entrepreneur Support Org",4 - Very Good Fit,4 - Very Good (500-999),2 – Limited Urban Relevance,4 - International,https://www.ideglobal.org/country/cambodia#59584,"Market systems organization focused on income generation and entrepreneurship; strong scale and infrastructure, but requires targeting urban/non-agriculture programs for best fit.",4,4,2.0
Cambodia,Artisans' Association of Cambodia (AAC),Idea,Co-op,4 - Very Good Fit,3 - Good (200-499),3 – Mixed (Urban + Rural),2 - Regional,https://www.ccc-cambodia.org/en/ngodb/ngo-information/2070,"Network of artisan SMEs providing business support, quality standards, and market access; strong niche pipeline of urban craft and tourism-linked entrepreneurs.",4,3,3.0
Cambodia,Sasakawa Peace Foundation,Idea,"INGO, Entrepreneur Support Org",2 - Fair Fit,2 - Fair (50-199),2 – Limited Urban Relevance,4 - International,https://www.spf.org/en/social-innovation/programs/V20240141.html,Mentorship-focused network connecting entrepreneurs with mentors; highly aligned with MI model but better suited as a complementary partner than a primary sourcing channel.,2,2,2.0
Cambodia,SHE Investments,Idea,"Women-Focused, Entrepreneur Support Org",5 - Excellent Fit,3 - Good (200-499),4 – Strong Urban Presence,4 - International,https://sheinvestments.com/,"Supported by iDE Cambodia. Women-focused incubator providing training, mentoring, and financing to early-stage businesses; highly aligned, with a strong pipeline of pre-screened urban entrepreneurs.",5,3,4.0
Cambodia,SNV Netherlands Development Organisation,Idea,INGO,3 - Good Fit,4 - Very Good (500-999),2 – Limited Urban Relevance,4 - International,https://www.snv.org/country/cambodia,Runs urban livelihoods + SME development programs,3,4,2.0
Cambodia,CARE Cambodia,Idea,"INGO, Women-Focused",3 - Good Fit,4 - Very Good (500-999),2 – Limited Urban Relevance,4 - International,https://www.care-cambodia.org/,Strong women-focused microenterprise + urban resilience programming. Also linked to microfinance platforms like Lendwithcare supporting Cambodian entrepreneurs,3,4,2.0
Cambodia,World Vision Cambodia,Idea,INGO,3 - Good Fit,"5 - Excellent (1,000+)",2 – Limited Urban Relevance,4 - International,https://www.wvi.org/cambodia,"Large scale, includes livelihoods + urban youth economic empowerment. MI training would be a nice complement",3,5,2.0
Cambodia,Angkor Mikroheranhvatho Kampuchea,Idea,MFI,4 - Very Good Fit,"5 - Excellent (1,000+)",3 – Mixed (Urban + Rural),3 - National,https://www.amkcambodia.com/,One of the largest MFIs in Cambodia with hundreds of thousands of borrowers,4,5,3.0
Cambodia,Hattha Bank,Idea,MFI,3 - Good Fit,"5 - Excellent (1,000+)",3 – Mixed (Urban + Rural),3 - National,https://www.hatthabank.com/,"~177 branches nationwide, strong SME lending infrastructure",3,5,3.0
Cambodia,PRASAC Microfinance Institution,Idea,MFI,3 - Good Fit,"5 - Excellent (1,000+)",3 – Mixed (Urban + Rural),3 - National,https://www.fmo.nl/project-detail/31701,One of the largest financial institutions in Cambodia (huge SME base),3,5,3.0
Cambodia,ACLEDA Bank,Idea,MFI,4 - Very Good Fit,"5 - Excellent (1,000+)",4 – Strong Urban Presence,4 - International,https://www.acledabank.com.kh/kh/eng/,Started as an MFI → now dominant SME bank in urban Cambodia,4,5,4.0
Cambodia,Sathapana Bank,Idea,MFI,3 - Good Fit,"5 - Excellent (1,000+)",3 – Mixed (Urban + Rural),3 - National,https://www.sathapana.com.kh/en/homepage,Strong SME + microenterprise lending in cities,3,5,3.0
Cambodia,Khmer Enterprise,Idea,"Government, Entrepreneur Support Org",4 - Very Good Fit,4 - Very Good (500-999),4 – Strong Urban Presence,3 - National,https://khmerenterprise.info/,Funds and supports startups and SMEs,4,4,4.0
Cambodia,Friends International,Idea,"Entrepreneur Support Org, NGO",5 - Excellent Fit,4 - Very Good (500-999),5 – Highly Urban-Focused,4 - International,https://friends-international.org/,Works with marginalized urban youth → livelihoods + small business pathways,5,4,5.0
Cambodia,Pour un Sourire d’Enfant,Idea,"NGO, Vocational School",4 - Very Good Fit,4 - Very Good (500-999),4 – Strong Urban Presence,2 - Regional,https://www.pse.ngo/,Large vocational + entrepreneurship pipeline for youth in Phnom Penh,4,4,4.0
Cambodia,Sala Baï Hotel & Restaurant School,Idea,Vocational School,4 - Very Good Fit,2 - Fair (50-199),5 – Highly Urban-Focused,1 - Local,https://www.salabai.com/,Tourism/hospitality -> strong Siem Reap relevance,4,2,5.0
Cambodia,Women’s Resource Center Cambodia,Idea,"NGO, Women-Focused",5 - Excellent Fit,2 - Fair (50-199),4 – Strong Urban Presence,2 - Regional,https://wrccambodia.org/,"Women entrepreneurs, financial literacy, small business support",5,2,4.0
Cambodia,Banteay Srei,Idea,"NGO, Women-Focused",5 - Excellent Fit,2 - Fair (50-199),2 – Limited Urban Relevance,2 - Regional,https://banteaysrei.info/,Women’s economic empowerment (some urban programming),5,2,2.0
Cambodia,Cambodian Center for Independent Living,Idea,NGO,4 - Very Good Fit,2 - Fair (50-199),3 – Mixed (Urban + Rural),2 - Regional,https://ppcil.org/,Entrepreneurship pathways for people with disabilities,4,2,3.0
Cambodia,Cambodia Microfinance Association,Idea,Co-op,2 - Fair Fit,"5 - Excellent (1,000+)",2 – Limited Urban Relevance,3 - National,https://www.cma-network.org/,Gateway to all MFIs (similar to KUSCCO in Kenya),2,5,2.0
Cambodia,Shinta Mani Foundation,Idea,NGO,4 - Very Good Fit,3 - Good (200-499),4 – Strong Urban Presence,1 - Local,https://shintamanifoundation.org/,"Hospitality-linked foundation supporting livelihoods, small businesses, and community development (especially in Siem Reap); strong access to urban microentrepreneurs in tourism and service sectors, though geographically concentrated.",4,3,4.0
Cambodia,The Asia Foundation,Idea,INGO,2 - Fair Fit,4 - Very Good (500-999),2 – Limited Urban Relevance,4 - International,https://asiafoundation.org/,"Large INGO working on economic development, financial inclusion, and women’s empowerment in Cambodia; potential access to entrepreneur pipelines is indirect and program-based rather than a consistent sourcing channel.",2,4,2.0
Cambodia,LOLC,Idea,MFI,4 - Very Good Fit,"5 - Excellent (1,000+)",3 – Mixed (Urban + Rural),4 - International,https://www.lolc.com.kh/,"Major microfinance institution with a large base of MSME borrowers across Cambodia; strong scalable pipeline of urban microentrepreneurs, though primarily lending-focused rather than mentorship-driven.",4,5,3.0
Guatemala,FINCA Guatemala,Idea,"INGO, MFI",5 - Excellent Fit,4 - Very Good (500-999),3 – Mixed (Urban + Rural),4 - International,https://finca.gt/en/,"Strong group-lending model and structured cohorts; however, a meaningful portion of clients are rural, reducing pure urban alignment.",5,4,3.0
Guatemala,Fundación Génesis Empresarial,Idea,"NGO, MFI",5 - Excellent Fit,"5 - Excellent (1,000+)",3 – Mixed (Urban + Rural),3 - National,https://www.genesisempresarial.org/,One of the strongest partners in Guatemala; large-scale microfinance institution with significant urban microentrepreneur base and direct pipeline.,5,5,3.0
Guatemala,FUNDAP,Idea,"NGO, MFI, Entrepreneur Support Org",3 - Good Fit,"5 - Excellent (1,000+)",2 – Limited Urban Relevance,3 - National,https://www.fundap.com.gt,"Strong organization, but heavily involved in rural livelihoods and value chains; urban microenterprise pipeline is less central.",3,5,2.0
Guatemala,MICOOPE,Idea,Co-op,4 - Very Good Fit,"5 - Excellent (1,000+)",3 – Mixed (Urban + Rural),3 - National,https://micoope.com.gt,Large cooperative network with strong reach into microentrepreneurs; slightly indirect but diversified and includes urban segments.,4,5,3.0
Guatemala,Friendship Bridge,Idea,"NGO, Women-Focused, MFI",3 - Good Fit,4 - Very Good (500-999),3 – Mixed (Urban + Rural),4 - International,https://www.friendshipbridge.org/,"Highly aligned mission and strong cohort structure, but predominantly rural/indigenous focus limits urban relevance.",3,4,3.0
Guatemala,Pro Mujer Guatemala,Idea,"Entrepreneur Support Org, Women-Focused, INGO",5 - Excellent Fit,4 - Very Good (500-999),4 – Strong Urban Presence,4 - International,https://promujer.org/gt/es/,One of the best-aligned partners; strong urban/semi-urban women entrepreneur pipeline with integrated services.,5,4,4.0
Guatemala,Red de Instituciones de Microfinanzas de Guatemala,Idea,Co-op,3 - Good Fit,"5 - Excellent (1,000+)",3 – Mixed (Urban + Rural),3 - National,https://redimif.org/en/home/,Aggregates MFIs across the country; very large reach but indirect access to entrepreneurs.,3,5,3.0
Nicaragua,Banco FAMA,Idea,MFI,5 - Excellent Fit,"5 - Excellent (1,000+)",3 – Mixed (Urban + Rural),3 - National,https://www.fama.com.ni/,"One of the largest MFIs in Nicaragua with a strong focus on urban microentrepreneurs and women; direct, scalable pipeline with high alignment to MI’s target population",5,5,3.0
Nicaragua,FINCA Nicaragua (FINCA Microfinanzas Nicaragua S.A),Idea,"MFI, INGO",5 - Excellent Fit,"5 - Excellent (1,000+)",3 – Mixed (Urban + Rural),4 - International,https://finca.org/,"Global microfinance leader using group lending models; strong presence among low-income urban entrepreneurs and proven ability to generate large, structured cohorts.",5,5,3.0
Nicaragua,Pro Mujer Nicaragua,Idea,"INGO, Women-Focused, Entrepreneur Support Org",5 - Excellent Fit,"5 - Excellent (1,000+)",4 – Strong Urban Presence,4 - International,https://promujer.org/ni/es/,"One of the strongest MI-aligned partners globally; combines credit, training, and health services with a large, direct pipeline of women microentrepreneurs.",5,5,4.0
Nicaragua,"Fundación León 2000 (LEON 2000 IMF, SA)",Idea,"NGO, MFI",4 - Very Good Fit,3 - Good (200-499),3 – Mixed (Urban + Rural),2 - Regional,https://www.leon2000imf.com/views/web_page/nuestra_historia/,Smaller microfinance-focused organization serving local entrepreneurs; strong alignment but more limited and geographically concentrated pipeline.,4,3,3.0
Nicaragua,SOS Children's Villages Nicaragua,Idea,INGO,2 - Fair Fit,3 - Good (200-499),2 – Limited Urban Relevance,4 - International,https://www.sos-childrensvillages.org/where-we-help/americas/nicaragua,"Focuses on youth and family livelihoods; potential pipeline through transition-to-work programs, but not consistently microenterprise-focused.",2,3,2.0
Nicaragua,Movimiento de Mujeres Trabajadoras y Desempleadas María Elena Cuadra,Idea,"NGO, Women-Focused",4 - Very Good Fit,3 - Good (200-499),4 – Strong Urban Presence,2 - Regional,https://www.facebook.com/MEC.Managua/,"Works with women in informal and urban labor sectors; strong mission alignment and grassroots access, though less structured pipeline.",4,3,4.0
Nicaragua,Asociación de Mujeres Profesionales por el Desarrollo Integral,Idea,"NGO, Women-Focused",4 - Very Good Fit,2 - Fair (50-199),3 – Mixed (Urban + Rural),2 - Regional,https://www.facebook.com/apadeimnicaragua/?locale=es_LA,"Focuses on women’s economic empowerment; high alignment but smaller, less scalable cohorts.",4,2,3.0
Nicaragua,Opportunity International Canada,Idea,INGO,2 - Fair Fit,4 - Very Good (500-999),Unknown,4 - International,https://opportunityinternational.ca/what-we-do/where-we-work/nicaragua/,Works through financial institutions rather than directly with entrepreneurs; strong mission alignment but indirect pipeline.,2,4,
Nicaragua,The NEO Fund,Idea,Corporate,3 - Good Fit,3 - Good (200-499),Unknown,4 - International,https://www.theneofund.org/,"Regional youth employment and entrepreneurship fund; indirect, program-based pipeline rather than direct cohort sourcing.",3,3,
Nicaragua,Fundación CODESPA,Idea,"INGO, Entrepreneur Support Org",3 - Good Fit,3 - Good (200-499),3 – Mixed (Urban + Rural),4 - International,https://us.codespa.org/,Strong experience in livelihoods and microenterprise development; typically operates through structured programs with accessible participant cohorts.,3,3,3.0
Malawi,FINCA Malawi,Idea,"MFI, INGO",5 - Excellent Fit,4 - Very Good (500-999),2 – Limited Urban Relevance,4 - International,https://finca.mw/,Strong group-lending model creates structured cohorts of microentrepreneurs; excellent alignment and reliable pipeline.,5,4,2.0
Malawi,CARE Malawi,Idea,"INGO, Entrepreneur Support Org",4 - Very Good Fit,"5 - Excellent (1,000+)",2 – Limited Urban Relevance,4 - International,https://www.care.org/our-work/where-we-work/malawi/,Extensive VSLA networks feeding into microenterprise; one of the strongest pipeline partners in Malawi.,4,5,2.0
Malawi,Vision Fund Malawi,In Conversation,"MFI, Faith-Based",5 - Excellent Fit,4 - Very Good (500-999),2 – Limited Urban Relevance,4 - International,https://visionfund.org/,Faith-based microfinance with strong alignment to MI; direct access to organized entrepreneur groups.,5,4,2.0
Malawi,Opportunity International Malawi,Idea,INGO,3 - Good Fit,4 - Very Good (500-999),2 – Limited Urban Relevance,4 - International,https://opportunity.org/our-impact/where-we-work/malawi-facts-about-poverty,Works through local financial institutions; mission aligned with moderately accessible pipeline.,3,4,2.0
Malawi,Plan International,Idea,INGO,3 - Good Fit,4 - Very Good (500-999),2 – Limited Urban Relevance,4 - International,https://plan-international.org/malawi/,Strong youth and livelihoods programming; pipeline exists but less consistently microenterprise-focused.,3,4,2.0
Malawi,National Economic Empowerment Fund (NEEF),Idea,Government,3 - Good Fit,4 - Very Good (500-999),3 – Mixed (Urban + Rural),3 - National,https://www.neef.mw/,Provides financing to small entrepreneurs; strong access potential though more institutional.,3,4,3.0
Malawi,NBS Bank,Idea,MFI,2 - Fair Fit,4 - Very Good (500-999),2 – Limited Urban Relevance,3 - National,https://nbs.mw/,Serves SMEs and microentrepreneurs; accessible pipeline but more commercially oriented.,2,4,2.0
Malawi,Malawi Union of Savings and Credit Cooperatives (MUSCCO),Idea,Co-op,3 - Good Fit,"5 - Excellent (1,000+)",2 – Limited Urban Relevance,3 - National,https://www.muscco.org/,Umbrella network for SACCOs; large reach but indirect access through member cooperatives.,3,5,2.0
Malawi,ECLOF International Malawi,Idea,"MFI, Faith-Based",3 - Good Fit,3 - Good (200-499),2 – Limited Urban Relevance,4 - International,https://www.eclof.org/africa/,"Faith-based microfinance institution using group lending to support low-income entrepreneurs; strong mission alignment and structured cohorts, but predominantly rural-focused with limited clear pipeline of urban microentrepreneurs.",3,3,2.0
Malawi,Microloan Foundation Malawi,Idea,"MFI, Women-Focused",4 - Very Good Fit,3 - Good (200-499),3 – Mixed (Urban + Rural),4 - International,https://www.microloanfoundation.org.uk/our-work/where-we-work/malawi/,"Women-focused microfinance organization providing group-based loans and training; highly aligned in mission and cohort structure, but primarily operates in rural areas, limiting relevance for urban microentrepreneur sourcing.",4,3,3.0
Malawi,Emerge Livelihoods,Idea,"NGO, Entrepreneur Support Org",4 - Very Good Fit,2 - Fair (50-199),3 – Mixed (Urban + Rural),2 - Regional,https://emergelivelihoods.org/,Smaller livelihoods organization with direct access to entrepreneurs; high alignment but limited scale.,4,2,3.0
Malawi,FINCOOP SACCO,Idea,Co-op,3 - Good Fit,2 - Fair (50-199),2 – Limited Urban Relevance,2 - Regional,https://fincoopmw.com/,Local savings and credit cooperative with direct access to members; smaller but highly accessible pipeline.,3,2,2.0
Cape Verde,Pro Empresa Cabo Verde,In Conversation,"Government, Entrepreneur Support Org",5 - Excellent Fit,3 - Good (200-499),4 – Strong Urban Presence,3 - National,https://www.proempresa.cv/,"Primary MSME support agency in Cape Verde; directly works with entrepreneurs through training, formalization, and business support programs. Best single entry point for accessing urban microentrepreneurs. They have a Fundo Lavanta Program in connection with UNDP",5,3,4.0
Cape Verde,Câmara de Comércio de Sotavento,Idea,Chamber of Commerce,2 - Fair Fit,3 - Good (200-499),2 – Limited Urban Relevance,2 - Regional,https://www.ccs.org.cv/index.php/pt/,"Covers Praia (largest urban market); strong access to small business owners, though skewed slightly toward more formal SMEs vs microentrepreneurs.",2,3,2.0
Cape Verde,Câmara de Comércio de Barlavento,Idea,Chamber of Commerce,2 - Fair Fit,2 - Fair (50-199),2 – Limited Urban Relevance,2 - Regional,https://www.camara.cv/,Covers Mindelo (second-largest city); smaller but valuable for geographic diversification and urban access.,2,2,2.0
Cape Verde,Banco Comercial do Atlântico,Idea,"Corporate, MFI",3 - Good Fit,4 - Very Good (500-999),3 – Mixed (Urban + Rural),3 - National,https://www.bca.cv/,"One of the largest banks in Cape Verde; strong SME exposure and urban reach, but commercial orientation and limited structured pipeline reduce alignment.",3,4,3.0
Cape Verde,Caixa Económica de Cabo Verde,Idea,"Corporate, MFI",3 - Good Fit,4 - Very Good (500-999),3 – Mixed (Urban + Rural),3 - National,https://www.caixa.cv/,Works with individuals and small businesses; good access to microentrepreneurs but lacks programmatic engagement or cohort structure.,3,4,3.0
Cape Verde,Banco Africano de Investimento,In Conversation,Corporate,2 - Fair Fit,3 - Good (200-499),Unknown,3 - National,https://www.bancobai.cv/,More focused on corporate and larger SME lending; limited relevance for microentrepreneurs and weak pipeline accessibility.,2,3,
Ecuador,Banco VisionFund Ecuador (World Vision),Idea,"MFI, Faith-Based, INGO",5 - Excellent Fit,4 - Very Good (500-999),4 – Strong Urban Presence,4 - International,https://visionfund.ec/,Directly serves vulnerable microentrepreneurs through microfinance and livelihoods programming. Strong poverty alleviation orientation and likely strong urban/peri-urban entrepreneur pipeline through World Vision ecosystem.,5,4,4.0
Ecuador,Fundación de Apoyo Comunitario y Social del Ecuador (FACES),Idea,NGO,3 - Good Fit,2 - Fair (50-199),3 – Mixed (Urban + Rural),2 - Regional,https://faces.org.ec/,"Community and social development orientation with some entrepreneurship overlap, though entrepreneur pipeline appears less direct and more relationship-dependent.",3,2,3.0
Ecuador,Fundación Espoir,Idea,"Women-Focused, NGO, MFI",5 - Excellent Fit,"5 - Excellent (1,000+)",5 – Highly Urban-Focused,3 - National,https://www.espoir.org.ec/,"One of the strongest MI fits in Ecuador. Directly serves low-income women microentrepreneurs in urban and peri-urban areas through lending, entrepreneurship support, and financial inclusion.",5,5,5.0
Ecuador,Pan de Vida / Hope Ventures,Idea,"Entrepreneur Support Org, NGO, Faith-Based",4 - Very Good Fit,2 - Fair (50-199),3 – Mixed (Urban + Rural),2 - Regional,http://hopeventures.org/ecuador,"Faith-based entrepreneurship and livelihoods support organization. Likely strong mentoring complementarity, though scale and urban density appear somewhat moderate.",4,2,3.0
Ecuador,Cooperativa Jardín Azuayo,Idea,"MFI, Co-op",4 - Very Good Fit,"5 - Excellent (1,000+)",3 – Mixed (Urban + Rural),3 - National,https://www.jardinazuayo.fin.ec/,Strong social finance cooperative serving small entrepreneurs and vulnerable populations. Historically rural but increasingly relevant in peri-urban economic ecosystems.,4,5,3.0
Ecuador,Cooperativa Maquita Cushunchic,Idea,"Co-op, Women-Focused",4 - Very Good Fit,3 - Good (200-499),3 – Mixed (Urban + Rural),3 - National,https://www.maquita.fin.ec/,Strong poverty alleviation and solidarity economy orientation. Supports vulnerable producers and entrepreneurs. Historically rural-focused but increasingly connected to urban and peri-urban market systems.,4,3,3.0
Ecuador,Cooperativa Andalucía,Idea,"Co-op, MFI",3 - Good Fit,3 - Good (200-499),3 – Mixed (Urban + Rural),2 - Regional,https://www.andalucia.fin.ec/,"General cooperative financial services institution with some entrepreneur exposure, though less explicit microenterprise focus.",3,3,3.0
Ecuador,Cooperativa 29 de Octubre,Idea,"MFI, Co-op",3 - Good Fit,"5 - Excellent (1,000+)",4 – Strong Urban Presence,3 - National,https://www.29deoctubre.fin.ec/,"Large cooperative with urban branch presence and small business lending exposure, though not explicitly microenterprise-development focused.",3,5,4.0
Ecuador,Banco CODESARROLLO,Idea,"Faith-Based, MFI",5 - Excellent Fit,4 - Very Good (500-999),4 – Strong Urban Presence,3 - National,https://www.bancodesarrollo.fin.ec/,"Strong inclusive finance institution serving vulnerable entrepreneurs, cooperatives, and underserved populations. Strong mentoring complementarity and significant urban/peri-urban relevance.",5,4,4.0
Ecuador,Banco D-MIRO (acquired by Banco Atlántida),Idea,MFI,5 - Excellent Fit,4 - Very Good (500-999),4 – Strong Urban Presence,3 - National,https://www.bancoatlantida.ec/nuestro-banco/mision-vision/,"Banco D-MIRO was acquired by Grupo Atlántida, expanding Atlántida’s microfinance footprint and entrepreneur lending capacity in Ecuador. Strong microenterprise-focused lender serving vulnerable entrepreneurs and informal businesses with strong mentoring complementarity.",5,4,4.0
Ecuador,Fundacion CRISFE (EmprendeFe Program),Idea,"Entrepreneur Support Org, NGO, Corporate",4 - Very Good Fit,4 - Very Good (500-999),4 – Strong Urban Presence,3 - National,https://emprendimiento.ec/apoyo/emprendefe/,Entrepreneurship and financial inclusion foundation tied to Banco Pichincha. EmprendeFe and related initiatives support vulnerable entrepreneurs and increasingly urban/peri-urban enterprise ecosystems.,4,4,4.0
Ecuador,Heifer Ecuador,Idea,"INGO, Entrepreneur Support Org",4 - Very Good Fit,4 - Very Good (500-999),3 – Mixed (Urban + Rural),4 - International,https://www.heifer.org/our-work/where-we-work/ecuador,"Historically rural and agriculture-focused, but increasingly expanding into urban and peri-urban food systems, entrepreneurship, and market-access programming. Strong mentoring complementarity.",4,4,3.0
Ecuador,WWB Ecuador,Idea,"Women-Focused, Fintech",3 - Good Fit,2 - Fair (50-199),4 – Strong Urban Presence,4 - International,https://www.womensworldbanking.org/where-we-work/latin-america/,"Strong ecosystem-level alignment around women’s financial inclusion and entrepreneurship, though operates primarily through partner institutions rather than direct entrepreneur implementation in Ecuador.",3,2,4.0
Ecuador,Junior Achievement Ecuador,Idea,"NGO, Education",3 - Good Fit,3 - Good (200-499),4 – Strong Urban Presence,4 - International,https://jae.org.ec/,"Strong urban youth entrepreneurship and employability focus, though beneficiaries are often aspiring entrepreneurs rather than active microentrepreneurs.",3,3,4.0
Ecuador,Fundación Acción Solidaria,Idea,"NGO, Entrepreneur Support Org, Women-Focused",4 - Very Good Fit,3 - Good (200-499),5 – Highly Urban-Focused,3 - National,https://fasolidaria.org/,"Strong urban focus in Guayaquil and Quito supporting women entrepreneurs, migrant livelihoods, and vulnerable microenterprises through economic inclusion programming.",4,3,5.0
Ecuador,INSOTEC,Idea,"NGO, MFI",4 - Very Good Fit,4 - Very Good (500-999),3 – Mixed (Urban + Rural),3 - National,https://www.insotec.ec/,"Strong microenterprise and poverty alleviation focus. Historically rural and agriculture-centered, but increasingly relevant to peri-urban and broader productive enterprise ecosystems.",4,4,3.0
Ecuador,CONQUITO (Agencia de Promoción Económica),Idea,"Government, Entrepreneur Support Org",4 - Very Good Fit,"5 - Excellent (1,000+)",5 – Highly Urban-Focused,1 - Local,https://www.conquito.org.ec/,Municipal economic development agency with strong urban and peri-urban entrepreneurship programming through AGRUPAR and related initiatives. Excellent urban entrepreneur density.,4,5,5.0
Ecuador,FUDELA (Fundación de las Américas),Idea,"NGO, Education",3 - Good Fit,3 - Good (200-499),4 – Strong Urban Presence,3 - National,https://fudela.org.ec/,"Youth development and employability organization with entrepreneurship overlap. Strong urban presence, though microenterprise focus is more indirect.",3,3,4.0
Ecuador,Banco Solidario,Idea,MFI,5 - Excellent Fit,"5 - Excellent (1,000+)",5 – Highly Urban-Focused,3 - National,https://www.banco-solidario.com/,"One of Ecuador’s strongest microenterprise and inclusive finance institutions. Extensive work with women entrepreneurs, migrants, and vulnerable urban/peri-urban microentrepreneurs.",5,5,5.0
Ecuador,CREDIFE Desarrollo Microempresarial (through Banco Pichincha),Idea,"MFI, Corporate",5 - Excellent Fit,"5 - Excellent (1,000+)",5 – Highly Urban-Focused,3 - National,https://www.pichincha.com/,"Dedicated microenterprise arm of Banco Pichincha with extensive outreach to urban and peri-urban microentrepreneurs, women-led businesses, and underserved entrepreneurs. Strong mentoring complementarity and pipeline access.",5,5,5.0
South Africa,Small Enterprise Development & Finance Agency (SEDFA),Idea,"Government, MFI",5 - Excellent Fit,"5 - Excellent (1,000+)",5 – Highly Urban-Focused,3 - National,https://www.sedfa.org.za/,"Government small business agency formed through the 2024 merger of SEFA, SEDA, and CBDA. Combines financing, enterprise development, mentorship, and cooperative support with strong focus on township, informal, women-, and youth-owned businesses.",5,5,5.0
South Africa,RLabs,Idea,"NGO, Entrepreneur Support Org",4 - Very Good Fit,"5 - Excellent (1,000+)",5 – Highly Urban-Focused,4 - International,https://rlabs.org/about/,"Social innovation organization supporting entrepreneurship, digital inclusion, and youth empowerment in underserved urban and township communities through mentorship and incubation.",4,5,5.0
South Africa,National Youth Development Agency (NYDA),Idea,"Government, Education, NGO",3 - Good Fit,"5 - Excellent (1,000+)",5 – Highly Urban-Focused,3 - National,https://www.nyda.gov.za/About-Us/What-is-NYDA.html,"Government youth development agency supporting entrepreneurship, employability, and youth enterprise development nationwide. Strong urban and township relevance, though many beneficiaries are aspiring entrepreneurs rather than active microentrepreneurs.",3,5,5.0
South Africa,Women's Development Businesses (WDB Trust),Idea,"MFI, Women-Focused",5 - Excellent Fit,4 - Very Good (500-999),3 – Mixed (Urban + Rural),3 - National,https://www.wdbtrust.org.za/the-history-of-wdb/,"Women-focused microfinance organization supporting vulnerable women entrepreneurs through lending, savings groups, and enterprise development. Historically rural-focused but increasingly relevant in peri-urban communities.",5,4,3.0
South Africa,Small Enterprise Foundation (SEF),Idea,"MFI, NGO",5 - Excellent Fit,"5 - Excellent (1,000+)",3 – Mixed (Urban + Rural),3 - National,https://www.sef.co.za/about/,Leading microfinance NGO focused on poverty alleviation and women’s economic empowerment through group lending and enterprise support. Strong engagement with vulnerable microentrepreneurs.,5,5,3.0
South Africa,Taking Care of Business (TCB),Idea,"NGO, Entrepreneur Support Org",5 - Excellent Fit,4 - Very Good (500-999),5 – Highly Urban-Focused,2 - Regional,https://www.tcb.org.za/,"Urban-focused nonprofit supporting vulnerable entrepreneurs and informal businesses through livelihood development, entrepreneurship support, and economic inclusion programming.",5,4,5.0
South Africa,Ranyaka Community Transformation,Idea,"NGO, Entrepreneur Support Org",4 - Very Good Fit,3 - Good (200-499),5 – Highly Urban-Focused,2 - Regional,https://ranyaka.co.za/,"Township economic development organization focused on local entrepreneurship, place-based development, and economic activation in underserved township and urban communities",4,3,5.0
South Africa,Diakonia Council of Churches,Idea,"Faith-Based, NGO",3 - Good Fit,2 - Fair (50-199),4 – Strong Urban Presence,2 - Regional,https://www.diakonia.org.za/diakonia-community/,Faith-based community development organization working in vulnerable urban communities with some overlap in livelihoods and economic empowerment programming.,3,2,4.0
South Africa,SAB Foundation,Idea,"Corporate, Entrepreneur Support Org",4 - Very Good Fit,4 - Very Good (500-999),5 – Highly Urban-Focused,3 - National,https://www.sabfoundation.co.za/,"Corporate foundation supporting inclusive entrepreneurship, social innovation, and small business development through grants, incubation, and mentorship.",4,4,5.0
South Africa,Isivande Women's Fund (IWF),Idea,"Government, Women-Focused",5 - Excellent Fit,4 - Very Good (500-999),4 – Strong Urban Presence,3 - National,https://www.gov.za/services/services-organisations/business-incentives/isivande-womens-fund,"Women-focused enterprise finance initiative supporting underserved women-owned businesses, cooperatives, and microenterprises through funding and business support. Strong township and urban relevance.",5,4,4.0
South Africa,National Empowerment Fund,Idea,"Government, MFI",4 - Very Good Fit,"5 - Excellent (1,000+)",5 – Highly Urban-Focused,3 - National,https://www.nefcorp.co.za/,"Development finance institution supporting Black-owned businesses, entrepreneurship, and SME growth. Strong urban and township relevance, though more SME-focused than traditional microfinance.",4,5,5.0
South Africa,Afrika Tikkun,Idea,"NGO, Education",3 - Good Fit,4 - Very Good (500-999),5 – Highly Urban-Focused,3 - National,https://afrikatikkun.org/,"Youth development nonprofit working in underserved urban and township communities through education, employability, entrepreneurship, and economic empowerment programming.",3,4,5.0
South Africa,Technoserve South Africa,Idea,"INGO, Entrepreneur Support Org",4 - Very Good Fit,4 - Very Good (500-999),4 – Strong Urban Presence,4 - International,https://www.technoserve.org/fight-poverty/where-we-work/south-africa/,"Enterprise development nonprofit increasingly engaged in urban and peri-urban entrepreneurship, youth employment, and small business support. Strong mentoring complementarity.",4,4,4.0
South Africa,Junior Achievement South Africa,Idea,"NGO, Education",3 - Good Fit,4 - Very Good (500-999),5 – Highly Urban-Focused,4 - International,https://www.jasouthafrica.org/,"Youth entrepreneurship nonprofit serving students and unemployed youth through entrepreneurship education, financial literacy, and enterprise development in underserved urban communities.",3,4,5.0
South Africa,Harambee Youth Employment Accelerator ,Idea,"NGO, Education",3 - Good Fit,"5 - Excellent (1,000+)",5 – Highly Urban-Focused,3 - National,https://www.harambee.co.za/,"Youth employment nonprofit focused on workforce readiness and job placement, while increasingly engaging with self-employment, side hustles, and township entrepreneurship ecosystems.",3,5,5.0
South Africa,Siyabonga Africa,Idea,"NGO, Faith-Based",3 - Good Fit,2 - Fair (50-199),3 – Mixed (Urban + Rural),2 - Regional,https://siyabongaafrica.org.za/,"Community development organization supporting vulnerable populations through livelihoods, education, and empowerment initiatives with some overlap in entrepreneurship support.",3,2,3.0
South Africa,EntreprenHER (formerly AWOME),Idea,"Entrepreneur Support Org, Women-Focused",5 - Excellent Fit,4 - Very Good (500-999),5 – Highly Urban-Focused,4 - International,https://www.unwomen.org/en/news-stories/feature-story/2024/02/entreprenher-programme-empowers-women-entrepreneurs-in-botswana-namibia-and-south-africa,"UN Women-supported initiative focused on women-owned microenterprises through entrepreneurship training, mentorship, access to finance, and market linkages. Strong urban and township relevance.",5,4,5.0
Brazil,Aliança Empreendedora,Idea,"NGO, Entrepreneur Support Org",5 - Excellent Fit,"5 - Excellent (1,000+)",5 – Highly Urban-Focused,3 - National,https://aliancaempreendedora.org.br/,"Entrepreneurship nonprofit focused on low-income and informal entrepreneurs through business training, mentorship, digital inclusion, and economic empowerment programming. Strong urban and peri-urban relevance with deep engagement in vulnerable entrepreneur ecosystems.",5,5,5.0
Brazil,Crediamigo / Banco do Nordeste,Idea,"Government, MFI",5 - Excellent Fit,"5 - Excellent (1,000+)",4 – Strong Urban Presence,3 - National,https://www.bnb.gov.br/crediamigo,One of Latin America’s largest productive-oriented microcredit programs supporting vulnerable microentrepreneurs through low-barrier lending and business support. Strong engagement with informal and low-income entrepreneurs in urban and peri-urban communities.,5,5,4.0
Brazil,Central Única das Favelas (CUFA),Idea,"NGO, Entrepreneur Support Org",5 - Excellent Fit,"5 - Excellent (1,000+)",5 – Highly Urban-Focused,3 - National,https://cufa.org.br/,"Major favela-based organization supporting urban entrepreneurs, informal businesses, and community economic development across Brazilian favelas. Strong focus on entrepreneurship, financial inclusion, and economic empowerment in underserved urban communities.",5,5,5.0
Brazil,Rede Mulher Empreendedora (RME),Idea,"NGO, Women-Focused",5 - Excellent Fit,"5 - Excellent (1,000+)",5 – Highly Urban-Focused,3 - National,https://rme.net.br/cursos-e-programas/?gad_source=1&gad_campaignid=20787284080&gbraid=0AAAAAqAw635H0JydVfE3xxgmSTpBIkYXp&gclid=Cj0KCQjwiJvQBhCYARIsAMjts3JkcZGHM115x1YMxpAoL4wKBl9pEzcZ9PH7kKuSZZpAvCHotpRycEsaAstXEALw_wcB,"Women-focused entrepreneurship network supporting women-owned micro and small businesses through mentorship, business training, digital inclusion, and access to markets. Strong urban entrepreneur relevance and large-scale women entrepreneur ecosystem.",5,5,5.0
Brazil,Sebrae,Idea,"Entrepreneur Support Org, Government",4 - Very Good Fit,"5 - Excellent (1,000+)",4 – Strong Urban Presence,3 - National,https://sebrae.com.br/,"National small business support institution providing entrepreneurship training, business advisory services, mentorship, and SME support. Large-scale reach with strong urban entrepreneur relevance, though often more formalized SME-focused than traditional microfinance organizations.",4,5,4.0
Brazil,VivaCred / Viva Rio ecosystem,Idea,"NGO, MFI",5 - Excellent Fit,4 - Very Good (500-999),5 – Highly Urban-Focused,3 - National,https://vivario.org.br/en/,"Urban microcredit and community development ecosystem supporting vulnerable entrepreneurs and informal businesses in underserved communities, particularly in Rio de Janeiro favelas. Strong financial inclusion and livelihoods orientation.",5,4,5.0
Brazil,Imembuí Microfinanças,Idea,"NGO, MFI",5 - Excellent Fit,3 - Good (200-499),3 – Mixed (Urban + Rural),2 - Regional,https://imembuimicrofinancas.org/,Regional microfinance institution supporting vulnerable entrepreneurs and small businesses through productive-oriented lending and financial inclusion services. Mixed urban and rural relevance.,5,3,3.0
Brazil,Caritas Brasileira,Idea,"Faith-Based, INGO",3 - Good Fit,3 - Good (200-499),3 – Mixed (Urban + Rural),4 - International,https://caritas.org.br/,"Faith-based social development organization supporting vulnerable communities through livelihoods, solidarity economy initiatives, and community economic development. Entrepreneurship support exists but is often indirect and community-based.",3,3,3.0
Brazil,Instituto Banco Palmas,Idea,"MFI, NGO",5 - Excellent Fit,4 - Very Good (500-999),5 – Highly Urban-Focused,3 - National,https://bancopalmas.com/,"Community development banking institution focused on financial inclusion, solidarity economy initiatives, and microenterprise support in low-income urban communities. Strong favela and informal economy relevance with high mentoring complementarity.",5,4,5.0
Brazil,Gerando Falcões,Idea,NGO,4 - Very Good Fit,"5 - Excellent (1,000+)",5 – Highly Urban-Focused,3 - National,https://www.gerandofalcoes.com/,"Favela-focused nonprofit supporting economic mobility, entrepreneurship, and livelihoods development in underserved urban communities. Strong engagement with vulnerable youth and community-based entrepreneurs.",4,5,5.0
Brazil,Banco do Povo Paulista,Idea,"Government, MFI",5 - Excellent Fit,"5 - Excellent (1,000+)",4 – Strong Urban Presence,2 - Regional,https://www.desenvolvimentoeconomico.sp.gov.br/DesenvolvimentoEconomico/institucional/Programas/banco_do_povo,"São Paulo state-supported productive microcredit program serving vulnerable entrepreneurs, informal workers, and small businesses through low-barrier lending and enterprise support. Strong urban and peri-urban relevance.",5,5,4.0
Brazil,CEAPE Brasil,Idea,"MFI, NGO",5 - Excellent Fit,"5 - Excellent (1,000+)",4 – Strong Urban Presence,3 - National,https://ceapebrasil.org.br/,"Longstanding microfinance organization focused on productive-oriented microcredit for vulnerable and informal entrepreneurs. Strong engagement with low-income urban and peri-urban microbusinesses including retail, beauty, food, and service-sector entrepreneurs.",5,5,4.0
Brazil,Instituto Besouro,Idea,"NGO, Entrepreneur Support Org",5 - Excellent Fit,4 - Very Good (500-999),5 – Highly Urban-Focused,3 - National,https://agenciabesouro.com.br/,"Entrepreneurship and workforce development nonprofit supporting low-income entrepreneurs through business training, mentorship, and enterprise development programming in underserved urban communities.",5,4,5.0
Brazil,Gastromotiva,Idea,"NGO, Education",4 - Very Good Fit,4 - Very Good (500-999),5 – Highly Urban-Focused,4 - International,http://gastromotiva.org/,"Social entrepreneurship organization focused on food-sector livelihoods, workforce development, and entrepreneurship opportunities for vulnerable populations in urban and favela communities.",4,4,5.0
Brazil,Instituto Feira Preta,Idea,"Women-Focused, Entrepreneur Support Org",5 - Excellent Fit,4 - Very Good (500-999),5 – Highly Urban-Focused,3 - National,https://feirapreta.com.br/,"Black entrepreneurship and creative-economy organization supporting urban entrepreneurs through incubation, mentorship, training, and market access. Strong engagement with Black-owned micro and small businesses in underserved urban communities.",5,4,5.0
Brazil,Acreditar,Idea,"NGO, Entrepreneur Support Org",4 - Very Good Fit,3 - Good (200-499),3 – Mixed (Urban + Rural),2 - Regional,https://acreditar.org.br/,"Community development and livelihoods organization supporting entrepreneurship, income generation, and economic inclusion initiatives for vulnerable populations. Mixed urban and rural relevance.",4,3,3.0
Brazil,NESsT (Racial Equity Entrepreneurship Initiative),Idea,"INGO, Entrepreneur Support Org",4 - Very Good Fit,3 - Good (200-499),4 – Strong Urban Presence,4 - International,https://www.nesst.org/racial-equity-initiative,"International enterprise development organization supporting inclusive entrepreneurship and social enterprises through incubation, mentorship, and investment readiness support. Works with underserved entrepreneurs and racial equity initiatives in Brazil.",4,3,4.0
Brazil,PNMPO (National Program for Productive-Oriented Microcredit),Idea,"MFI, Government",5 - Excellent Fit,"5 - Excellent (1,000+)",4 – Strong Urban Presence,3 - National,https://www.gov.br/trabalho-e-emprego/pt-br/assuntos/emprego-e-renda/pnmpo,National public microcredit ecosystem supporting low-income entrepreneurs through productive-oriented microcredit delivered via participating institutions. Strong focus on vulnerable urban and peri-urban entrepreneurs and informal businesses at very large scale.,5,5,4.0
Brazil,Flourish FI (In partnership with the Mastercard Foundation),Idea,"Fintech, Entrepreneur Support Org",3 - Good Fit,3 - Good (200-499),4 – Strong Urban Presence,4 - International,https://www.flourishfi.com/about,"Financial inclusion initiative focused on improving access to financial tools, digital inclusion, and economic resilience for underserved entrepreneurs and low-income communities through fintech and ecosystem partnerships.",3,3,4.0
Brazil,Banco G10 Favelas,Idea,"MFI, Entrepreneur Support Org",5 - Excellent Fit,"5 - Excellent (1,000+)",5 – Highly Urban-Focused,3 - National,https://g10favelas.com.br/,"Favela-based banking and entrepreneurship ecosystem supporting urban microentrepreneurs, informal businesses, and low-income entrepreneurs through financial inclusion, digital banking, business training, and community economic development initiatives.",5,5,5.0
Brazil,Santander's Programa Prospera,Idea,"Corporate, Entrepreneur Support Org",4 - Very Good Fit,4 - Very Good (500-999),4 – Strong Urban Presence,3 - National,https://www.santander.com/en/stories/prospera-programme-for-a-more-inclusive-society,"Corporate entrepreneurship initiative supporting underserved entrepreneurs and small businesses through mentorship, business development, and financial inclusion programming. More growth-oriented than traditional subsistence microfinance but still strongly relevant to urban entrepreneur ecosystems.",4,4,4.0
